id,peptide,class
1,ADCRQKPCL,1
2,AGCINGLCG,1
3,AGCRLKSCA,1
4,AGCRVESC,1
5,AGQTLTASGD,1
6,AGTRMSWEV,1
7,AGTRMSWEVL,1
8,AIHSELMWVS,1
9,ALRDRPM,1
10,ALVGLMR,1
11,APCGLLACI,1
12,APSQTYH,1
13,AQGIVLQLAL,1
14,ARCRVDPCV,1
15,ASSLHTI,1
16,ATLDGVS,1
17,AVMGLAA,1
18,CAGRRSAYC,1
19,CAKGYRSC,1
20,CAKIDPELC,1
21,CALIIQKNEC,1
22,CALRDRPMC,1
23,CAMVSMED,1
24,CAQLLQVSC,1
25,CASLSCR,1
26,CASNNGRVVL,1
27,CAVCNGRCGF,1
28,CDCRGDCFC,1
29,CDDSWKC,1
30,CDPSRGKNC,1
31,CDTAVVEGL,1
32,CDTRL,1
33,CEGVNGRRLR,1
34,CEKRGDNLC,1
35,CEKRGDSLC,1
36,CEKRGDSVC,1
37,CELSLISKC,1
38,CEMCNGRCMG,1
39,CEQCNGRCGQ,1
40,CETCNGRCVG,1
41,CEVCNGRCAL,1
42,CEYQLDVE,1
43,CFDGNHIWC,1
44,CFWPNRC,1
45,CGECNGRCVE,1
46,CGEGHPC,1
47,CGETMRC,1
48,CGGERGKSC,1
49,CGKRGDSIC,1
50,CGKRK,1
51,CGLIINKNEC,1
52,CGLIIQKNEC,1
53,CGLIIQRNEC,1
54,CGLILQKNEC,1
55,CGLSDSC,1
56,CGLSGLGVA,1
57,CGNKRTRGC,1
58,CGNSNPKSC,1
59,CGQKRTRGC,1
60,CGRCNGRCLL,1
61,CGRGDMPSC,1
62,CGRGDNLAC,1
63,CGRGDNLPC,1
64,CGRGDSPDC,1
65,CGRRAGGSC,1
66,CGSLVRC,1
67,CGSPGWVRC,1
68,CGTKRKC,1
69,CGTRVDHC,1
70,CGVCNGRCGL,1
71,CGVGSSC,1
72,CHVLWSTRC,1
73,CIEGVLGGC,1
74,CIRCNGRCSV,1
75,CIRSAVSC,1
76,CISLDRSC,1
77,CKAAKNK,1
78,CKALSQAC,1
79,CKGAKAR,1
80,CKGGRAKDC,1
81,CKSCNGRCLA,1
82,CKTRVSCGV,1
83,CKVCNGRCCG,1
84,CLDGGRPKC,1
85,CLQLFSTC,1
86,CLSCNGRCPS,1
87,CLSDGK,1
88,CLSDGKPVS,1
89,CLSDGKRKC,1
90,CLSGSLSC,1
91,CLSRYLDQC,1
92,CLSYYPSYC,1
93,CLVVHEAAC,1
94,CMEMGVKC,1
95,CNAAESSKNC,1
96,CNAGDSSKNC,1
97,CNAGESSKNC,1
98,CNAGESSRNC,1
99,CNAGESTKNC,1
100,CNNVGSYC,1
101,CNRRTKAGC,1
102,CPEHRSLVC,1
103,CPEKFRPMC,1
104,CPGPEGAGC,1
105,CPHNLTKLC,1
106,CPHSKPCLC,1
107,CPIDERPMC,1
108,CPIEDRPMC,1
109,CPIRPMEDC,1
110,CPLCNGRCAL,1
111,CPLCNGRCAR,1
112,CPNGRC,1
113,CPRECESIC,1
114,CPRGSRC,1
115,CPSDLKDAC,1
116,CPTCNGRCVR,1
117,CQLAAVC,1
118,CQSCNGRCVR,1
119,CRCCNGRCSP,1
120,CREAGRKAC,1
121,CREKA,1
122,CRESLKNC,1
123,CRGDAGINC,1
124,CRGDCF,1
125,CRGDGWC,1
126,CRGDHAANC,1
127,CRGDHAGDC,1
128,CRGDHGVEC,1
129,CRGDKGENC,1
130,CRGDKGPDC,1
131,CRGDKGPEC,1
132,CRGDKHADC,1
133,CRGDKTTNC,1
134,CRGDRGPDC,1
135,CRGDSAC,1
136,CRGRRST,1
137,CRGSGAGRC,1
138,CRLGIAC,1
139,CRMTRNKPC,1
140,CRNCNGRCEG,1
141,CRRHWGFEFC,1
142,CRSRKG,1
143,CRTCNGRCLE,1
144,CRTCNGRCQV,1
145,CRTTRGTKC,1
146,CRVSRQNKC,1
147,CSCCNGRCGD,1
148,CSDGQHYWC,1
149,CSDSWHYWC,1
150,CSDWQHPWC,1
151,CSDYNHHWC,1
152,CSGGKVLDC,1
153,CSGRGDSLC,1
154,CSKCNGRCGH,1
155,CSMSAKKKC,1
156,CSNIDARAC,1
157,CSNRDARRC,1
158,CSPQSQPMC,1
159,CSRPRRSEC,1
160,CSRPRRSVC,1
161,CSRPRRSWC,1
162,CSSTMRC,1
163,CSVANSC,1
164,CTAMRNTDC,1
165,CTDFPRSFC,1
166,CTDYVRC,1
167,CTECNGRCQ,1
168,CTGRGDALC,1
169,CTGSWLGC,1
170,CTPSPFSHC,1
171,CTPSPPFSHC,1
172,CTQDRQHPC,1
173,CTTHWGFTLC,1
174,CVLCNGRCWS,1
175,CVLNGRMEC,1
176,CVMVRDGDC,1
177,CVPCNGRCHE,1
178,CVPELGHEC,1
179,CVQCNGRCAL,1
180,CVRIRPC,1
181,CVSGPRC,1
182,CVSNPRWKC,1
183,CVTCNGRCRV,1
184,CVWCNGRCGL,1
185,CWGCNGRCRM,1
186,CWGTGLC,1
187,CWLCNGRCGR,1
188,CWRKFYC,1
189,CWSGVDC,1
190,CWWRLEGC,1
191,CYDSWHYWC,1
192,CYLGVSNC,1
193,CYLVNVDC,1
194,CYPADPC,1
195,CYSYFLAC,1
196,CYTADPC,1
197,CYVELHC,1
198,DAHVLVPRTP,1
199,DLLAVSWLRA,1
200,DLPMHPM,1
201,DRWRPALP,1
202,DSNAES,1
203,DSSLRLP,1
204,DTCRALRCN,1
205,DTLRLRI,1
206,DVGTTE,1
207,EACEMAGCL,1
208,EDCTSRFCS,1
209,EEPAYQRFL,1
210,EICVDGLCV,1
211,ELIKESR,1
212,ELYVSRL,1
213,FAATSAE,1
214,FDDARL,1
215,FGCVMASCR,1
216,FMEIET,1
217,FNDYRL,1
218,FPCEGKKCL,1
219,FQHPSFI,1
220,FRCLERVCT,1
221,FRVGVADV,1
222,FSDARL,1
223,FSDMRL,1
224,FSDTRL,1
225,FSLLDAR,1
226,FTDIRL,1
227,FVDVRL,1
228,FWTERAGWAY,1
229,FYCPGVGCR,1
230,GCNGRC,1
231,GGCRGDMFGC,1
232,GGGTRAGMKY,1
233,GGHTRQ,1
234,GHGKHKNK,1
235,GICKDDWCQ,1
236,GICKDLWCQ,1
237,GLLLVVP,1
238,GLPVKWS,1
239,GLWQGP,1
240,GMMYRS,1
241,GNGRAHA,1
242,GPLPLR,1
243,GPSRVGG,1
244,GRCLLMQCR,1
245,GRCVDGGCT,1
246,GRDS,1
247,GRGDSPK,1
248,GRSQMQI,1
249,GRWYKWA,1
250,GSFAFLV,1
251,GSVLPVL,1
252,GSVSHRR,1
253,HEVVAG,1
254,HGKYFVS,1
255,HHTRFVS,1
256,HKNKGKKN,1
257,HPLRLPA,1
258,HQSVNKE,1
259,HTCLVALCA,1
260,HTFEPGV,1
261,IASVRWA,1
262,ICLLAHCA,1
263,IDKQLE,1
264,IDLMQAR,1
265,IELLQAR,1
266,IFLLWQR,1
267,IFSGSRE,1
268,IHFPSAS,1
269,IHWRPWAR,1
270,IILLQGR,1
271,IKARASP,1
272,IMYPGWL,1
273,INGKVT,1
274,ISCAVDAC,1
275,ISLLGAR,1
276,ISLLQAR,1
277,ITDMAA,1
278,IVADYQR,1
279,IWSGYGVYW,1
280,IYCPGQECE,1
281,KAMSWYA,1
282,KCCYSL,1
283,KEPAYQRFL,1
284,KGCGTRQCW,1
285,KGHHGKHG,1
286,KGVSLSYR,1
287,KHGHGHGK,1
288,KLWCAMS,1
289,KMGPKVW,1
290,KRCSSSLCA,1
291,LCPKHPLGC,1
292,LDCLSELCS,1
293,LDHFAPM,1
294,LDKKTTS,1
295,LECVVDSCR,1
296,LEPAYQRFL,1
297,LFAQLGP,1
298,LGTDVRQ,1
299,LPAMPNS,1
300,LPGMMG,1
301,LQNPTPE,1
302,LRTNVVH,1
303,LSMFTRP,1
304,LSPLLSPATA,1
305,LTLRWVGLMS,1
306,LTVEPWL,1
307,LTVLPW,1
308,LTVQPWP,1
309,LTVSLWT,1
310,LTVSPLWD,1
311,LTVSPWT,1
312,LTVSPWY,1
313,LTVTPWL,1
314,LTYQTWP,1
315,LVCLPPSCE,1
316,LVGVRLL,1
317,LVRRWYL,1
318,LWAEMTG,1
319,MAKHAM,1
320,MARAKE,1
321,MARSGL,1
322,MCPKHPLGC,1
323,MFCRMRSCD,1
324,MMSQLAH,1
325,MSRPHK,1
326,MSRTMS,1
327,MTKCRG,1
328,MTKSAG,1
329,MTQMIS,1
330,MTRNLQ,1
331,MTRQIG,1
332,MVWSKGPLFL,1
333,NACESAICG,1
334,NGRAHA,1
335,NGRSL,1
336,NLYVASW,1
337,NLYYASW,1
338,NMSPQLD,1
339,NPRWFWD,1
340,NQPTRAL,1
341,NRCRGVSCT,1
342,NSVRGSR,1
343,NTHMTAF,1
344,NVVRQ,1
345,PEKFRPM,1
346,PFKLSKH,1
347,PGVIPWN,1
348,PHSPTSL,1
349,PICEVSRCW,1
350,PIDERPM,1
351,PIEDRPM,1
352,PIHYIF,1
353,PKWLLFS,1
354,PLASRPM,1
355,PLRIAQH,1
356,PMAHLEF,1
357,PMMRQRPM,1
358,PNPNNST,1
359,PQRHVNY,1
360,PQRRSARLSA,1
361,PRCESQLCP,1
362,PSCAYMCIT,1
363,PSTLTSS,1
364,PSTNHAL,1
365,PTEAQLQ,1
366,QACPMLLCM,1
367,QCTGRF,1
368,QEPAYQRFL,1
369,QFDEPR,1
370,QFQSQPM,1
371,QHWSYKCIRP,1
372,QPENLPT,1
373,QPPMEYS,1
374,QSADRSV,1
375,QSRLSLG,1
376,QWCSRRWCT,1
377,QYREGLV,1
378,RGDF,1
379,RGDGWK,1
380,RGDPAYQRFL,1
381,RGEPAYQRFL,1
382,RHCFSQWCS,1
383,RIHYIF,1
384,RIPLEM,1
385,RKCEVPGCQ,1
386,RLCSLYGCV,1
387,RLQLKL,1
388,RPARPAR,1
389,RPCGDQACE,1
390,RRHSVSG,1
391,RSCAEPWCY,1
392,RSCIKHQCP,1
393,RSGRVSN,1
394,RTRYED,1
395,RWCREKSCW,1
396,RWRTNF,1
397,SAERGVVAMS,1
398,SGWCYRC,1
399,SGWFAGS,1
400,SIDSTTF,1
401,SKGLRHR,1
402,SKSSGVS,1
403,SKVLYYNWE,1
404,SLVSFLG,1
405,SMSIARL,1
406,SPGSWTW,1
407,SQRQTLD,1
408,SRCKTGLCQ,1
409,SRESPHP,1
410,SRHDLNS,1
411,SRPRR,1
412,STKLLHE,1
413,STVATSQ,1
414,SWCQFEKCL,1
415,TAASGVRSMH,1
416,TALSPQ,1
417,TARGSSR,1
418,TDCTPSRCT,1
419,TDLGAM,1
420,TECDMSRCM,1
421,TEPAYQRFL,1
422,TLTVLPW,1
423,TLTYTWS,1
424,TPRTQKA,1
425,TSAVRT,1
426,TSCDPSLCE,1
427,TSPTNRS,1
428,TTREKNL,1
429,TVWNPVG,1
430,TWGHLRA,1
431,VASVSVA,1
432,VGFGKAL,1
433,VGVGEWSV,1
434,VLTVQPW,1
435,VPCRFKQCW,1
436,VPEQRPM,1
437,VRNSLRN,1
438,VSFLEYR,1
439,VSRSSRWGSI,1
440,VTCRSLMCQ,1
441,VVDRFPD,1
442,VWRTGHL,1
443,WAEPAYQRFL,1
444,WCCRQFN,1
445,WEEPAYQRFL,1
446,WESLYFPRE,1
447,WGKIEDPLRA,1
448,WGTGLC,1
449,WIEPAYQRFL,1
450,WIFPWIQL,1
451,WKEPAYQRFL,1
452,WLEPAYQRFL,1
453,WQEPAYQRFL,1
454,WREWFL,1
455,WRNTIA,1
456,WRPCES,1
457,WRVLAAF,1
458,WSCADRTCM,1
459,WTCRASWCS,1
460,WTEPAYQRFL,1
461,WWAMKP,1
462,WWSGLEA,1
463,YIHYIF,1
464,YMFWTSR,1
465,YPTPYDI,1
466,YRCIARECE,1
467,YRCREVLCQ,1
468,YSFNSWM,1
469,YSINDWH,1
